id,lastmod
Q15025,2022-12-04T15:00:07Z
Q19216,2022-12-09T13:10:30Z
Q22368,2022-12-09T13:11:20Z
Q57838,2022-10-15T14:54:06Z
Q58182,2022-10-15T14:54:07Z
Q233984,2022-12-09T13:05:55Z
Q252658,2022-12-07T15:50:22Z
Q256274,2022-12-08T20:09:58Z
Q281540,2022-10-15T14:22:10Z
Q284597,2022-10-15T14:22:11Z
Q315528,2022-11-30T20:47:31Z
Q374271,2022-11-01T07:38:28Z
Q465280,2022-11-21T04:47:29Z
Q472310,2022-10-15T14:22:17Z
Q516806,2022-12-04T15:30:21Z
Q517151,2022-10-31T06:05:39Z
Q551904,2022-10-28T18:36:00Z
Q556828,2022-11-15T05:40:46Z
Q558718,2022-12-08T14:29:47Z
Q697862,2022-09-06T05:42:00Z
Q698464,2022-10-15T14:22:23Z
Q699188,2022-09-23T02:47:20Z
Q700659,2022-10-15T14:22:29Z
Q700752,2022-09-04T12:37:29Z
Q700774,2022-11-22T13:19:45Z
Q707601,2022-10-15T14:25:18Z
Q707648,2022-10-15T14:25:18Z
Q707887,2022-10-15T14:25:19Z
Q709508,2022-10-15T14:29:22Z
Q710060,2022-09-04T12:38:53Z
Q715476,2022-10-15T14:29:23Z
Q715504,2022-12-09T08:32:15Z
Q716710,2022-10-15T14:29:35Z
Q716768,2022-09-04T12:40:05Z
Q866951,2022-10-15T14:30:23Z
Q1911971,2022-12-08T06:17:24Z
Q3846538,2022-09-04T12:38:16Z
Q3846662,2022-10-15T14:24:07Z
Q3846869,2022-10-15T14:30:25Z
Q3847080,2022-09-04T12:41:02Z
Q4118817,2022-09-04T12:39:05Z
Q4712240,2022-12-06T04:36:08Z
Q4846081,2022-12-01T13:55:30Z
Q5071596,2022-11-23T08:44:26Z
Q5090717,2022-12-09T09:36:42Z
Q5090859,2022-10-15T14:34:32Z
Q5091221,2022-12-07T12:23:14Z
Q5091239,2022-10-15T14:24:08Z
Q5095206,2022-10-15T14:34:34Z
Q5101463,2022-10-15T14:34:34Z
Q5105427,2022-10-15T14:35:27Z
Q5116472,2022-10-15T14:35:33Z
Q5236438,2022-09-04T12:50:41Z
Q5236615,2022-10-15T14:35:34Z
Q5366551,2022-10-15T14:35:35Z
Q5371883,2022-11-27T15:29:53Z
Q5386280,2022-12-02T03:04:58Z
Q5925638,2022-11-18T15:00:50Z
Q6134031,2022-12-04T15:26:00Z
Q6138091,2022-10-15T14:38:48Z
Q6146212,2022-11-27T06:50:38Z
Q6148708,2022-12-06T04:36:07Z
Q6288088,2022-11-27T09:34:16Z
Q6393270,2022-10-15T14:38:56Z
Q6441079,2022-11-28T06:11:37Z
Q6445227,2022-12-06T04:36:08Z
Q6449461,2022-12-06T04:36:10Z
Q6473605,2022-10-15T14:39:34Z
Q6515593,2022-11-21T04:47:29Z
Q6550004,2022-12-02T03:04:56Z
Q6550038,2022-11-23T08:44:22Z
Q6550136,2022-10-15T14:39:37Z
Q6653712,2022-10-15T14:26:18Z
Q6704543,2022-11-18T07:34:56Z
Q6753581,2022-12-06T04:36:09Z
Q7198343,2022-10-15T14:26:18Z
Q7638532,2022-11-24T09:00:41Z
Q7682659,2022-10-15T14:26:19Z
Q7849310,2022-12-06T04:36:09Z
Q7849530,2022-11-26T06:43:47Z
Q7849539,2022-10-15T14:40:51Z
Q7850510,2022-12-07T12:23:13Z
Q7967389,2022-10-05T08:56:11Z
Q7967625,2022-10-15T14:26:25Z
Q7967650,2022-11-25T08:40:19Z
Q7967735,2022-11-01T07:37:03Z
Q7982222,2022-11-20T09:42:51Z
Q8031967,2022-11-25T08:40:19Z
Q8053425,2022-12-08T06:17:27Z
Q8270063,2022-10-15T14:27:33Z
Q8270270,2022-10-15T14:40:54Z
Q8270318,2022-11-25T08:40:16Z
Q8270335,2022-12-06T04:36:06Z
Q8270435,2022-10-15T14:28:10Z
Q8271233,2022-10-15T14:42:45Z
Q8271249,2022-10-15T14:42:45Z
Q8272045,2022-10-15T14:21:38Z
Q8272096,2022-09-04T12:43:08Z
Q8272119,2022-10-15T14:22:05Z
Q8272145,2022-10-15T14:22:06Z
Q8272200,2022-10-15T14:22:07Z
Q8272451,2022-11-26T06:43:46Z
Q8272537,2022-10-14T15:19:05Z
Q8272590,2022-10-15T14:28:11Z
Q8272594,2022-11-03T12:06:22Z
Q8272604,2022-12-04T15:06:42Z
Q8272616,2020-10-10T13:22:15Z
Q8272659,2022-10-15T14:23:09Z
Q8272755,2022-10-15T14:23:15Z
Q8272912,2022-11-20T09:42:45Z
Q8272916,2022-10-15T14:28:12Z
Q8272933,2022-10-26T06:39:12Z
Q8272967,2022-10-15T14:30:12Z
Q8273004,2022-08-16T13:35:05Z
Q8273045,2022-10-15T14:30:13Z
Q8273076,2022-10-15T14:30:14Z
Q8273082,2022-10-15T14:30:14Z
Q8273115,2022-11-16T08:14:55Z
Q8273132,2022-10-15T14:28:18Z
Q8273168,2022-10-26T06:35:55Z
Q8273178,2022-11-19T12:12:48Z
Q8273222,2022-10-26T06:36:08Z
Q8273248,2022-10-15T14:31:17Z
Q8273275,2022-10-15T14:31:17Z
Q8273289,2022-10-15T14:31:18Z
Q8273349,2022-10-15T14:31:24Z
Q8273357,2022-11-26T06:43:47Z
Q8273451,2022-10-15T14:31:26Z
Q8273865,2022-10-24T04:06:34Z
Q8273898,2022-12-08T06:17:22Z
Q8273958,2022-10-15T14:28:20Z
Q8273961,2022-10-15T14:28:36Z
Q8274029,2022-10-15T14:28:52Z
Q8274052,2022-11-24T09:00:40Z
Q8274088,2022-12-09T12:41:48Z
Q8274095,2022-09-04T12:32:01Z
Q8274104,2022-10-15T14:36:28Z
Q8274112,2022-11-16T12:36:16Z
Q8274144,2022-10-15T14:36:30Z
Q8274185,2022-10-15T14:36:36Z
Q8274205,2022-10-14T13:20:02Z
Q8274214,2022-10-26T06:35:46Z
Q8274261,2022-10-15T14:36:38Z
Q8274333,2022-09-04T12:30:19Z
Q8274364,2022-10-15T14:36:45Z
Q8274368,2022-10-15T14:39:37Z
Q8274398,2022-10-15T14:39:38Z
Q8274436,2022-10-15T14:39:39Z
Q8274439,2022-11-22T02:36:10Z
Q8274707,2022-12-02T09:13:42Z
Q8274933,2022-10-15T14:38:40Z
Q8274940,2022-10-15T14:33:21Z
Q8274946,2022-10-26T06:38:29Z
Q8274964,2019-04-22T07:43:25Z
Q8275026,2022-10-15T14:23:16Z
Q8275063,2019-04-22T07:43:26Z
Q8275071,2022-09-04T12:44:20Z
Q8275115,2022-10-26T06:35:51Z
Q8275203,2022-10-15T14:23:23Z
Q8275291,2022-10-26T06:35:59Z
Q8275440,2022-10-26T06:36:55Z
Q8275466,2022-11-28T23:21:59Z
Q8275467,2022-11-26T09:10:57Z
Q8275493,2022-10-15T14:24:08Z
Q8275706,2022-10-15T14:25:48Z
Q8275781,2022-10-15T14:33:28Z
Q8275964,2022-12-06T12:08:21Z
Q8276042,2022-10-15T14:26:09Z
Q8276537,2022-10-15T14:26:11Z
Q8276552,2022-10-14T13:20:08Z
Q8276570,2022-10-15T14:26:16Z
Q8276675,2021-11-12T15:01:57Z
Q8276889,2022-11-29T10:04:16Z
Q8277043,2022-10-26T06:37:45Z
Q8277119,2022-11-23T08:44:21Z
Q8277229,2022-10-25T02:11:03Z
Q8277261,2022-10-15T14:27:19Z
Q8277493,2022-11-14T16:54:00Z
Q8277631,2022-10-14T15:25:00Z
Q8277895,2022-10-26T06:39:32Z
Q8278206,2022-10-15T14:34:40Z
Q8278346,2022-10-15T14:34:40Z
Q8278721,2022-11-23T08:44:33Z
Q8278747,2022-10-15T14:34:46Z
Q8278752,2022-10-15T14:34:47Z
Q8278814,2022-11-20T09:42:49Z
Q8278820,2022-10-15T14:32:29Z
Q8279010,2021-11-04T08:45:01Z
Q8279212,2022-10-15T14:36:28Z
Q8279292,2021-04-18T20:26:15Z
Q8279308,2022-11-24T09:05:33Z
Q8279427,2022-10-15T14:32:48Z
Q8279442,2022-10-15T14:32:48Z
Q8279533,2022-10-15T14:36:51Z
Q8279546,2022-11-20T09:42:49Z
Q8279554,2022-12-07T12:23:12Z
Q8279603,2022-10-15T14:36:57Z
Q8279684,2022-11-26T12:56:31Z
Q8279711,2022-10-15T14:36:36Z
Q8279779,2022-06-09T01:53:53Z
Q8279787,2019-04-22T07:44:21Z
Q8279815,2022-10-15T14:39:48Z
Q8279842,2022-10-15T14:39:49Z
Q8279858,2022-10-15T14:36:37Z
Q8280332,2022-10-15T14:40:01Z
Q8280346,2022-09-04T12:35:46Z
Q8280360,2022-10-15T14:40:02Z
Q8280389,2022-10-15T14:36:37Z
Q8280416,2022-11-21T04:47:32Z
Q8347124,2022-10-15T14:36:38Z
Q8347212,2022-01-10T18:34:22Z
Q8347259,2022-10-15T14:40:41Z
Q8347281,2022-09-04T12:35:01Z
Q8347319,2022-10-15T14:40:42Z
Q8347358,2022-10-14T13:25:20Z
Q8347378,2022-10-15T14:36:39Z
Q8347429,2022-10-15T14:40:42Z
Q8347483,2022-10-15T14:36:39Z
Q8347574,2022-12-07T17:35:12Z
Q8347638,2022-12-09T13:34:52Z
Q8347665,2022-10-15T14:40:44Z
Q8347718,2022-11-28T13:51:24Z
Q8347775,2022-10-15T14:36:51Z
Q8347820,2022-11-11T15:48:57Z
Q8347862,2022-11-25T08:40:18Z
Q8347947,2022-10-15T14:42:47Z
Q8347974,2022-10-15T14:42:47Z
Q8347997,2022-10-15T14:42:48Z
Q8348181,2022-10-15T14:24:09Z
Q8348328,2022-10-15T14:24:16Z
Q8348374,2022-10-15T14:24:16Z
Q8348414,2022-10-15T14:36:57Z
Q8348463,2022-10-15T14:24:17Z
Q8348633,2022-10-14T15:40:07Z
Q8348653,2022-12-05T07:55:20Z
Q8348768,2022-10-15T14:28:10Z
Q8348788,2022-10-15T14:37:29Z
Q8348813,2022-02-15T03:59:12Z
Q8348841,2022-10-28T19:04:27Z
Q8348951,2022-10-15T14:37:29Z
Q8349077,2022-10-15T14:28:17Z
Q8349186,2022-10-15T14:37:30Z
Q8349222,2022-09-30T13:46:22Z
Q8349282,2022-10-15T14:37:31Z
Q8349451,2022-12-02T07:27:42Z
Q8349521,2022-10-14T13:26:08Z
Q8349604,2022-10-15T14:32:17Z
Q8349613,2022-10-15T14:32:17Z
Q8349619,2022-10-15T14:32:18Z
Q8349640,2021-04-18T03:35:28Z
Q8349646,2022-10-15T14:32:18Z
Q8349660,2022-10-15T14:32:19Z
Q8349723,2022-10-15T14:33:20Z
Q8349725,2022-10-26T06:37:44Z
Q8349734,2022-10-28T19:49:33Z
Q8349768,2022-10-14T13:29:19Z
Q8349837,2022-10-15T14:33:22Z
Q8349853,2022-10-18T03:32:43Z
Q8349886,2022-11-22T13:19:37Z
Q8349946,2022-10-15T14:33:30Z
Q8349957,2022-11-21T04:47:30Z
Q8350030,2022-10-30T22:51:36Z
Q8350110,2022-10-15T14:37:37Z
Q8350160,2022-10-15T14:37:39Z
Q8350171,2022-10-26T06:35:44Z
Q8350180,2022-12-06T11:50:45Z
Q8350223,2022-10-15T14:37:39Z
Q8350269,2022-10-15T14:37:39Z
Q8350279,2022-12-02T09:15:39Z
Q8350293,2022-10-15T14:37:40Z
Q8350306,2022-10-26T06:36:37Z
Q8350321,2022-10-15T14:37:41Z
Q8350331,2022-10-15T14:37:41Z
Q8350363,2022-11-20T09:42:46Z
Q8350388,2022-10-15T14:37:42Z
Q8350423,2022-11-19T15:07:28Z
Q8350435,2022-10-14T13:31:25Z
Q8350455,2022-10-15T14:23:08Z
Q8350478,2022-10-15T14:37:48Z
Q8350543,2022-10-15T14:37:54Z
Q8350592,2022-09-04T12:48:02Z
Q8350626,2022-09-04T12:47:02Z
Q8350643,2022-10-14T13:31:25Z
Q8350665,2022-10-15T14:38:11Z
Q8350686,2022-09-04T12:47:32Z
Q8350693,2022-09-09T10:40:05Z
Q8350699,2022-10-28T19:49:27Z
Q8350727,2022-10-15T14:23:15Z
Q8350806,2022-10-15T14:38:33Z
Q8350914,2022-10-15T14:23:16Z
Q8350960,2022-10-15T14:41:01Z
Q8350980,2022-10-15T14:41:01Z
Q8351019,2022-10-15T14:41:13Z
Q8351107,2022-11-12T12:54:06Z
Q8351236,2022-03-18T05:20:51Z
Q8351349,2022-09-19T22:15:28Z
Q8351408,2021-11-16T16:23:11Z
Q8351421,2022-11-22T13:19:43Z
Q8351569,2022-10-15T14:42:55Z
Q8351612,2022-10-15T14:42:56Z
Q8351614,2022-10-24T04:51:56Z
Q8351632,2022-10-15T14:42:57Z
Q8351713,2022-03-18T05:27:07Z
Q8351814,2022-10-15T14:43:05Z
Q8357028,2022-10-28T19:48:04Z
Q8357048,2022-10-15T14:43:37Z
Q8357056,2022-10-15T14:43:43Z
Q8357125,2022-12-02T07:25:25Z
Q8357143,2022-11-26T06:43:49Z
Q8357162,2022-10-15T14:24:30Z
Q8928107,2022-10-15T14:25:07Z
Q8929116,2022-10-15T14:25:08Z
Q8938281,2022-10-15T14:25:07Z
Q8944291,2022-11-23T08:44:25Z
Q8951355,2022-11-23T08:44:27Z
Q8954159,2022-11-29T08:12:47Z
Q8956378,2022-10-15T14:27:10Z
Q8965733,2022-11-18T07:34:54Z
Q8967661,2022-10-15T14:27:11Z
Q8968419,2022-08-23T13:05:16Z
Q8968977,2022-11-23T08:44:24Z
Q8969782,2022-11-26T06:17:51Z
Q8969972,2022-11-23T08:44:24Z
Q8970101,2022-11-20T09:42:48Z
Q8971199,2022-12-06T04:36:12Z
Q8974428,2022-10-15T14:27:18Z
Q8974482,2022-10-15T14:27:18Z
Q8974503,2022-10-15T14:27:19Z
Q8975842,2022-10-15T14:28:19Z
Q8981782,2021-04-19T21:47:59Z
Q8981918,2022-10-15T14:25:14Z
Q8982294,2022-10-15T14:28:36Z
Q8983786,2022-11-21T04:47:31Z
Q8984370,2022-11-26T10:54:12Z
Q8991767,2022-11-14T04:32:08Z
Q8991990,2022-10-15T14:29:13Z
Q8993248,2021-04-18T03:46:22Z
Q8993494,2022-09-04T12:55:11Z
Q8997000,2022-11-20T09:42:45Z
Q8997373,2022-11-19T12:12:49Z
Q9025162,2022-11-08T04:13:39Z
Q9026414,2022-10-15T14:27:17Z
Q9031582,2022-08-23T13:05:15Z
Q9031661,2022-09-04T12:55:53Z
Q9037810,2022-11-12T05:25:36Z
Q9043449,2022-11-25T08:40:21Z
Q9045063,2022-11-15T08:48:48Z
Q9050836,2022-12-07T12:23:12Z
Q9055323,2022-10-29T05:11:45Z
Q9057632,2022-10-15T14:34:47Z
Q9062382,2022-11-27T06:50:39Z
Q9062403,2022-12-07T12:23:15Z
Q9067511,2022-12-08T06:17:23Z
Q9076050,2022-08-21T14:29:36Z
Q9076084,2022-11-26T06:45:59Z
Q9082721,2022-12-09T13:45:10Z
Q9088556,2022-11-23T08:44:22Z
Q9092371,2022-09-04T12:59:03Z
Q9092954,2022-11-12T05:26:34Z
Q9093225,2022-11-13T14:16:41Z
Q9123228,2022-10-15T14:33:44Z
Q9130647,2022-10-15T14:27:19Z
Q9141091,2022-10-15T14:27:20Z
Q9146615,2022-11-23T08:44:25Z
Q9182234,2022-11-21T04:47:28Z
Q9182314,2022-12-08T06:17:24Z
Q9182857,2022-11-01T07:37:36Z
Q9184683,2022-10-15T14:33:45Z
Q9185489,2022-10-15T14:33:50Z
Q9192450,2022-12-08T06:17:25Z
Q9195350,2022-11-23T08:44:28Z
Q9206928,2022-10-28T19:48:40Z
Q9208898,2022-12-08T06:17:25Z
Q9210523,2022-11-22T13:19:44Z
Q9217065,2022-10-15T14:29:15Z
Q9291779,2022-10-15T14:34:26Z
Q9292454,2022-09-04T12:57:23Z
Q9293935,2022-11-20T09:42:48Z
Q9298929,2022-12-08T06:17:28Z
Q9302997,2022-10-15T14:38:42Z
Q9308254,2022-10-15T14:38:43Z
Q9317617,2022-11-24T09:00:41Z
Q9317972,2022-08-16T13:35:06Z
Q9322496,2022-10-28T19:48:52Z
Q9337457,2022-11-29T06:32:24Z
Q9338108,2022-11-05T07:15:12Z
Q9340026,2022-10-28T19:03:07Z
Q9342208,2022-12-05T08:22:48Z
Q9346217,2022-10-15T14:38:47Z
Q9368963,2022-11-22T13:19:45Z
Q9370626,2022-12-04T15:30:33Z
Q9370646,2022-11-07T04:16:39Z
Q9458408,2022-10-15T14:29:21Z
Q10294207,2022-12-08T06:17:26Z
Q10413949,2021-04-19T12:59:41Z
Q10513434,2022-11-29T10:03:31Z
Q10564184,2021-04-19T12:47:40Z
Q10565446,2022-12-06T04:36:07Z
Q10900397,2022-10-15T14:43:43Z
Q10918847,2022-11-02T08:05:15Z
Q10919115,2021-04-20T08:04:07Z
Q10919955,2022-11-19T12:12:49Z
Q10919979,2022-10-15T14:29:22Z
Q10920153,2022-10-15T14:31:16Z
Q11070836,2022-12-08T06:17:27Z
Q11091487,2022-10-26T06:37:08Z
Q11094304,2022-11-27T06:50:37Z
Q11096596,2019-04-22T07:44:06Z
Q11098108,2022-11-19T12:12:51Z
Q11099334,2022-11-28T06:11:38Z
Q11106169,2021-04-18T09:02:48Z
Q11106819,2022-11-23T08:44:23Z
Q11118258,2022-10-15T14:43:56Z
Q11176497,2022-12-07T12:23:13Z
Q11963553,2022-10-28T19:49:21Z
Q13408438,2022-10-28T20:01:08Z
Q13408439,2022-11-19T12:12:48Z
Q13631978,2022-11-22T13:19:46Z
Q14516312,2022-08-16T13:32:33Z
Q14866531,2022-11-26T06:49:52Z
Q15205373,2022-11-24T09:00:42Z
Q15704593,2022-11-10T05:29:32Z
Q15831062,2022-10-28T18:36:59Z
Q15895660,2022-09-04T13:00:30Z
Q15899237,2022-10-15T14:44:12Z
Q15901599,2022-11-26T06:43:48Z
Q15901623,2022-10-15T14:31:25Z
Q15903055,2022-10-28T20:13:55Z
Q15903800,2022-11-27T06:50:39Z
Q15905278,2022-10-15T14:32:27Z
Q15909081,2022-10-28T20:01:34Z
Q15911945,2022-10-15T14:32:28Z
Q15912229,2022-11-25T08:40:18Z
Q15914057,2021-04-18T21:58:43Z
Q15914789,2022-10-28T18:37:07Z
Q15915252,2022-10-28T18:49:12Z
Q15918515,2022-10-28T19:03:27Z
Q15920021,2022-12-08T14:13:42Z
Q15930216,2022-10-15T14:32:35Z
Q15931826,2022-04-15T18:59:40Z
Q15932070,2022-01-21T06:48:52Z
Q15933742,2022-10-15T05:32:56Z
Q15934391,2022-10-15T14:44:50Z
Q16122971,2022-11-20T09:42:52Z
Q16143196,2022-10-28T19:45:48Z
Q16150359,2022-10-28T18:50:06Z
Q16187076,2022-11-27T06:50:40Z
Q16193101,2022-11-21T04:47:32Z
Q16193401,2022-11-19T12:12:52Z
Q16196866,2022-11-11T09:11:56Z
Q16239464,2022-11-22T13:19:46Z
Q16239466,2022-12-06T04:36:11Z
Q16239471,2022-11-05T07:14:54Z
Q16239478,2022-10-15T14:34:01Z
Q16239498,2022-11-28T06:11:39Z
Q16239501,2022-11-18T07:34:56Z
Q16239639,2022-11-12T13:09:44Z
Q16239701,2022-11-21T04:47:33Z
Q16239747,2022-11-25T08:41:56Z
Q16239906,2022-10-28T20:14:39Z
Q16239908,2022-10-28T20:01:25Z
Q16240050,2022-11-29T06:32:25Z
Q16241144,2022-10-15T14:46:51Z
Q16241509,2022-11-20T09:42:51Z
Q16242317,2022-11-26T06:43:45Z
Q16260492,2022-02-02T16:21:19Z
Q16260539,2022-10-24T02:15:34Z
Q16336308,2022-10-15T14:47:00Z
Q16905422,2022-09-04T13:09:09Z
Q16905500,2022-09-04T13:07:48Z
Q16907985,2022-10-15T14:47:08Z
Q16926490,2022-10-15T14:47:09Z
Q16926907,2022-10-26T06:35:56Z
Q16928868,2022-10-15T14:34:33Z
Q17027222,2022-10-15T14:47:49Z
Q17066681,2019-04-22T07:50:49Z
Q17466399,2022-11-17T11:27:39Z
Q18109591,2022-10-15T14:47:51Z
Q18109691,2022-10-15T14:47:51Z
Q18415702,2022-10-15T14:47:53Z
Q18415739,2022-11-21T04:47:33Z
Q18654076,2022-11-29T06:32:24Z
Q18658400,2022-10-15T14:35:27Z
Q18659220,2022-09-04T13:01:54Z
Q18659469,2022-12-02T07:21:10Z
Q19058548,2022-09-04T13:02:51Z
Q19653988,2022-10-15T14:35:34Z
Q19825208,2022-10-14T14:50:46Z
Q19825322,2022-10-15T14:48:08Z
Q19825639,2022-09-04T13:10:30Z
Q19825673,2022-10-15T14:48:09Z
Q19825688,2022-10-26T06:36:03Z
Q19825781,2022-09-04T13:08:12Z
Q19825797,2022-10-15T14:48:41Z
Q19825815,2022-10-28T20:01:18Z
Q19849340,2022-10-26T06:35:33Z
Q19849402,2022-10-15T14:35:36Z
Q19849414,2022-10-15T14:48:48Z
Q19849473,2022-10-15T14:48:48Z
Q20063502,2022-10-15T14:35:37Z
Q85885392,2022-11-28T20:00:55Z
Q85885461,2022-10-15T14:54:12Z
Q114895959,2022-10-28T20:01:52Z
Q115299064,2022-11-20T09:43:26Z
Q115398709,2022-11-24T09:05:33Z
Q115467711,2022-11-27T06:51:18Z
Q115467712,2022-11-27T06:51:19Z
Q115490125,2022-11-29T06:33:02Z
Q20687755,2022-11-24T09:00:40Z
Q21016998,2022-10-15T14:48:51Z
Q21055079,2022-09-04T13:04:03Z
Q21449416,2021-04-19T18:00:13Z
Q21652173,2022-09-04T13:04:36Z
Q21934105,2022-10-28T19:48:16Z
Q22093639,2022-10-28T09:29:06Z
Q22099059,2022-10-15T14:36:27Z
Q22099954,2022-10-24T02:15:04Z
Q22100240,2022-10-15T14:49:03Z
Q22100706,2022-10-15T14:49:04Z
Q22773998,2022-10-15T14:22:17Z
Q22774094,2022-11-19T12:13:08Z
Q22774114,2022-10-15T14:22:17Z
Q22774121,2022-10-15T14:22:23Z
Q22774129,2022-10-15T14:22:23Z
Q22774142,2022-10-26T06:36:07Z
Q22774153,2022-10-14T15:14:36Z
Q22774355,2022-10-15T14:49:11Z
Q23883800,2022-11-07T09:14:45Z
Q23894469,2022-10-28T19:46:37Z
Q23927581,2022-10-15T14:49:44Z
Q23954823,2022-10-28T19:03:00Z
Q24053403,2022-10-28T19:46:18Z
Q24053404,2022-10-28T20:02:15Z
Q24053420,2022-10-15T14:49:50Z
Q24175183,2022-12-07T12:23:15Z
Q24238270,2022-10-28T19:48:28Z
Q24247649,2022-10-28T20:01:02Z
Q24263737,2022-09-02T15:52:31Z
Q24572278,2022-11-11T09:13:12Z
Q24572279,2022-11-08T05:30:55Z
Q24834554,2022-11-28T06:11:39Z
Q24839448,2022-10-15T14:49:54Z
Q24840132,2022-11-12T13:27:12Z
Q24851744,2022-10-28T19:05:14Z
Q25190242,2022-11-12T05:26:11Z
Q26265161,2022-10-28T19:03:44Z
Q26465348,2022-10-15T14:49:56Z
Q27663188,2022-11-19T12:12:50Z
Q27678861,2022-10-28T19:43:37Z
Q27735496,2022-10-28T19:49:40Z
Q27901812,2022-09-04T13:16:39Z
Q28409877,2022-11-27T06:50:38Z
Q28411114,2022-09-04T13:16:00Z
Q28413232,2022-10-15T14:50:02Z
Q28413567,2022-10-15T00:25:52Z
Q28416376,2022-12-09T09:35:48Z
Q28416486,2022-10-28T19:43:09Z
Q28416621,2022-12-04T00:24:51Z
Q28417359,2022-10-15T14:50:05Z
Q28418899,2022-11-26T13:34:32Z
Q28522108,2022-10-26T06:35:57Z
Q28655382,2022-12-06T01:27:09Z
Q29952844,2022-10-28T19:49:15Z
Q30337082,2022-11-22T13:19:43Z
Q30337201,2022-11-22T13:19:42Z
Q30941045,2022-10-15T14:50:19Z
Q30946589,2022-10-15T14:27:10Z
Q36618272,2022-10-28T19:53:39Z
Q38876935,2022-10-28T18:35:40Z
Q39342679,2022-11-29T06:32:23Z
Q39877818,2022-11-29T06:32:23Z
Q40272747,2022-10-31T17:51:31Z
Q48896684,2022-10-15T14:24:15Z
Q48903743,2021-04-18T10:18:51Z
Q50067722,2022-10-15T14:24:16Z
Q50170749,2022-10-28T19:02:40Z
Q50410542,2022-10-14T15:12:28Z
Q50413814,2022-04-16T12:18:38Z
Q55505798,2022-10-28T19:03:20Z
Q55694614,2022-11-02T08:04:50Z
Q55697080,2022-10-15T14:51:15Z
Q56159332,2022-10-15T14:29:35Z
Q60431375,2022-11-22T13:19:47Z
Q60992669,2022-11-16T12:57:34Z
Q60992793,2022-10-15T14:30:25Z
Q60992873,2022-11-03T11:20:49Z
Q65051936,2022-11-26T06:45:59Z
Q65964284,2022-12-08T06:17:23Z
Q67934535,2022-10-15T14:53:06Z
Q67934538,2022-10-15T14:32:20Z
Q78116451,2022-10-15T14:34:36Z
Q78123032,2022-10-15T14:54:05Z
Q78123037,2022-10-15T14:34:37Z
Q78123040,2022-10-15T14:34:37Z
Q81789073,2022-09-04T13:19:49Z
Q81840652,2022-10-15T14:34:38Z
Q83570179,2022-10-25T02:16:36Z
Q85133282,2022-10-28T19:46:03Z
Q85877352,2022-10-25T02:11:59Z
Q85877382,2022-12-04T15:03:57Z
Q85879894,2022-11-13T20:43:30Z
Q85880978,2022-10-15T14:54:10Z
Q85881325,2022-10-15T14:54:10Z
Q85881335,2022-09-04T13:19:18Z
Q85882113,2022-10-15T14:33:44Z
Q85882126,2022-10-15T14:33:45Z
Q85883887,2022-10-15T14:54:11Z
Q85884697,2022-10-15T14:54:12Z
